,precision,recall,f1-score,support
0,0.980101804720037,0.9810097267253358,0.9805555555555556,2159.0
1,0.9480651731160896,0.9612803304078472,0.9546270187131505,1937.0
2,0.9866691701088998,0.9800447594181275,0.9833458083832336,5362.0
3,0.9270833333333334,0.9555214723926381,0.9410876132930515,1304.0
4,0.9899551186150887,0.9927132447492499,0.9913322632423757,4666.0
5,0.9239543726235742,0.8496503496503497,0.8852459016393441,572.0
accuracy,0.9749375,0.9749375,0.9749375,0.9749375
macro avg,0.9593048287528371,0.953369980557258,0.956032360137785,16000.0
weighted avg,0.9749694548816062,0.9749375,0.9748704655002176,16000.0
