,precision,recall,f1-score,support
0,0.9879238272178356,0.9851783232978231,0.9865491651205938,2159.0
1,0.9566768603465852,0.9690242643262778,0.9628109771736344,1937.0
2,0.9850996461165953,0.9863856769861992,0.9857422421023203,5362.0
3,0.9493087557603687,0.9478527607361963,0.9485801995395242,1304.0
4,0.992306048300919,0.9950707243891984,0.9936864633493846,4666.0
5,0.930841121495327,0.8706293706293706,0.8997289972899729,572.0
accuracy,0.979375,0.979375,0.979375,0.979375
macro avg,0.9670260432062717,0.9590235200608442,0.962849674095905,16000.0
weighted avg,0.9792846677694228,0.979375,0.9792880635669354,16000.0
